id,gender,title,first,last,email,cell,nat
0,male,Mr,Faruk,Trommer,faruk.trommer@example.com,0174-0081957,DE
1,female,Mrs,Emmi,Lauri,emmi.lauri@example.com,043-397-11-90,FI
2,female,Miss,Marjon,Capelle,marjon.capelle@example.com,(969)-098-2149,NL
3,female,Mrs,Aubree,Campbell,aubree.campbell@example.com,974-651-7194,CA
4,female,Mrs,Milla,Erkkila,milla.erkkila@example.com,040-968-34-72,FI
5,female,Mrs,Michelle,Marshall,michelle.marshall@example.com,0798-057-705,GB
6,female,Miss,Pippa,Edwards,pippa.edwards@example.com,(263)-160-0354,NZ
7,male,Mr,Miguel,Rice,miguel.rice@example.com,(233)-648-3450,US
8,female,Miss,Cindy,Holta,cindy.holta@example.com,93662666,NO
9,male,Mr,Seyed,Den Toom,seyed.dentoom@example.com,(029)-841-0401,NL
10,female,Mrs,Sandy,Krull,sandy.krull@example.com,0174-9089394,DE
11,female,Mrs,Ülkü,Kocabıyık,ulku.kocabiyik@example.com,(854)-966-8624,TR
12,male,Mr,Oliver,Thompson,oliver.thompson@example.com,992-743-6533,CA
13,female,Ms,Laurie,Burns,laurie.burns@example.com,(618)-762-8674,US
14,male,Mr,Aidan,Lee,aidan.lee@example.com,(529)-602-5243,NZ
